smiles,y
OCC3OC(OCC2OC(OC(C#N)c1ccccc1)C(O)C(O)C2O)C(O)C(O)C3O ,-0.7699999809265137
Cc1occc1C(=O)Nc2ccccc2,-3.299999952316284
CC(C)=CCCC(C)=CC(=O),-2.059999942779541
c1ccc2c(c1)ccc3c2ccc4c5ccccc5ccc43,-7.869999885559082
c1ccsc1,-1.3300000429153442
c2ccc1scnc1c2 ,-1.5
Clc1cc(Cl)c(c(Cl)c1)c2c(Cl)cccc2Cl,-7.320000171661377
CC12CCC3C(CCc4cc(O)ccc34)C2CCC1O,-5.03000020980835
ClC4=C(Cl)C5(Cl)C3C1CC(C2OC12)C3C4(Cl)C5(Cl)Cl,-6.289999961853027
COc5cc4OCC3Oc2c1CC(Oc1ccc2C(=O)C3c4cc5OC)C(C)=C ,-4.420000076293945
O=C1CCCN1,1.0700000524520874
Clc1ccc2ccccc2c1,-4.139999866485596
CCCC=C,-2.680000066757202
CCC1(C(=O)NCNC1=O)c2ccccc2,-2.640000104904175
CCCCCCCCCCCCCC,-7.960000038146973
CC(C)Cl,-1.409999966621399
CCC(C)CO,-0.4699999988079071
N#Cc1ccccc1,-1.0
CCOP(=S)(OCC)Oc1cc(C)nc(n1)C(C)C,-3.640000104904175
CCCCCCCCCC(C)O,-2.940000057220459
Clc1ccc(c(Cl)c1)c2c(Cl)ccc(Cl)c2Cl ,-7.429999828338623
O=c2[nH]c1CCCc1c(=O)n2C3CCCCC3,-4.593999862670898
CCOP(=S)(OCC)SCSCC,-4.110000133514404
CCOc1ccc(NC(=O)C)cc1,-2.3499999046325684
CCN(CC)c1c(cc(c(N)c1N(=O)=O)C(F)(F)F)N(=O)=O,-5.46999979019165
CCCCCCCO,-1.809999942779541
Cn1c(=O)n(C)c2nc[nH]c2c1=O,-1.3899999856948853
CCCCC1(CC)C(=O)NC(=O)NC1=O,-1.6610000133514404
ClC(Cl)=C(c1ccc(Cl)cc1)c2ccc(Cl)cc2,-6.900000095367432
CCCCCCCC(=O)OC,-3.1700000762939453
CCc1ccc(CC)cc1,-3.75
CCOP(=S)(OCC)SCSC(C)(C)C,-4.755000114440918
COC(=O)Nc1cccc(OC(=O)Nc2cccc(C)c2)c1,-4.804999828338623
ClC(=C)Cl,-1.6399999856948853
Cc1cccc2c1Cc3ccccc32,-5.21999979019165
CCCCC=O,-0.8500000238418579
N(c1ccccc1)c2ccccc2,-3.503999948501587
CN(C)C(=O)SCCCCOc1ccccc1,-3.927000045776367
CCCOP(=S)(OCCC)SCC(=O)N1CCCCC1C,-4.150000095367432
CCCCCCCI,-4.809999942779541
c1c(Cl)cccc1c2ccccc2,-4.880000114440918
OCCCC=C,-0.15000000596046448
O=C2NC(=O)C1(CCC1)C(=O)N2,-1.6549999713897705
CC(C)C1CCC(C)CC1O ,-2.5299999713897705
CC(C)OC=O,-0.6299999952316284
CCCCCC(C)O,-1.5499999523162842
CC(=O)Nc1ccc(Br)cc1,-3.0829999446868896
c1ccccc1n2ncc(N)c(Br)c2(=O),-3.127000093460083
COC(=O)C1=C(C)NC(=C(C1c2ccccc2N(=O)=O)C(=O)OC)C ,-4.760000228881836
c2c(C)cc1nc(C)ccc1c2 ,-1.940000057220459
CCCCCCC#C,-3.6600000858306885
CCC1(C(=O)NC(=O)NC1=O)C2=CCCCC2 ,-2.1700000762939453
c1ccc2c(c1)ccc3c4ccccc4ccc23,-8.057000160217285
CCC(C)n1c(=O)[nH]c(C)c(Br)c1=O ,-2.5230000019073486
Clc1cccc(c1Cl)c2c(Cl)c(Cl)cc(Cl)c2Cl ,-8.600000381469727
Cc1ccccc1O,-0.6200000047683716
CC(C)CCC(C)(C)C,-5.050000190734863
Cc1ccc(C)c2ccccc12,-4.139999866485596
Cc1cc2c3ccccc3ccc2c4ccccc14,-6.570000171661377
CCCC(=O)C,-0.1899999976158142
Clc1cc(Cl)c(Cl)c(c1Cl)c2c(Cl)c(Cl)cc(Cl)c2Cl ,-9.149999618530273
CCCOC(=O)CC,-0.8199999928474426
CC34CC(O)C1(F)C(CCC2=CC(=O)C=CC12C)C3CC(O)C4(O)C(=O)CO,-3.680000066757202
Nc1ccc(O)cc1,-0.800000011920929
O=C(Cn1ccnc1N(=O)=O)NCc2ccccc2,-2.809999942779541
OC4=C(C1CCC(CC1)c2ccc(Cl)cc2)C(=O)c3ccccc3C4=O,-5.931000232696533
CCNc1nc(Cl)nc(n1)N(CC)CC,-4.059999942779541
NC(=O)c1cnccn1,-0.6669999957084656
CCC(Br)(CC)C(=O)NC(N)=O,-2.680000066757202
Clc1ccccc1c2ccccc2Cl ,-5.269999980926514
O=C2CN(N=Cc1ccc(o1)N(=O)=O)C(=O)N2 ,-3.380000114440918
Clc2ccc(Oc1ccc(cc1)N(=O)=O)c(Cl)c2,-5.460000038146973
CC1(C)C2CCC1(C)C(=O)C2,-1.9600000381469727
O=C1NC(=O)NC(=O)C1(CC=C)c1ccccc1,-2.36899995803833
CCCCC(=O)OCC,-2.25
CC(C)CCOC(=O)C,-1.9199999570846558
O=C1N(COC(=O)CCCCC)C(=O)C(N1)(c2ccccc2)c3ccccc3,-5.886000156402588
Clc1cccc(c1)c2cc(Cl)ccc2Cl ,-6.010000228881836
CCCBr,-1.7300000190734863
CCCC1COC(Cn2cncn2)(O1)c3ccc(Cl)cc3Cl,-3.493000030517578
COP(=S)(OC)SCC(=O)N(C)C=O,-1.9950000047683716
Cc1ncnc2nccnc12,-0.4659999907016754
NC(=S)N,0.3199999928474426
Cc1ccc(C)cc1,-2.7699999809265137
CCc1ccccc1CC,-3.2799999713897705
ClC(Cl)(Cl)C(Cl)(Cl)Cl,-3.6700000762939453
CC(C)C(C(=O)OC(C#N)c1cccc(Oc2ccccc2)c1)c3ccc(OC(F)F)cc3,-6.875999927520752
CCCN(=O)=O,-0.800000011920929
CC(C)C1CCC(C)CC1=O,-2.3499999046325684
CCN2c1cc(Cl)ccc1NC(=O)c3cccnc23 ,-5.360000133514404
O=N(=O)c1c(Cl)c(Cl)ccc1,-3.4800000190734863
CCCC(C)C1(CC=C)C(=O)NC(=S)NC1=O ,-3.4600000381469727
c1ccc2c(c1)c3cccc4cccc2c34,-6.0
CCCOC(C)C,-1.340000033378601
Cc1cc(C)c2ccccc2c1,-4.289999961853027
CCC(=C(CC)c1ccc(O)cc1)c2ccc(O)cc2 ,-4.070000171661377
c1(C#N)c(Cl)c(C#N)c(Cl)c(Cl)c(Cl)1,-5.639999866485596
Clc1ccc(Cl)c(c1)c2ccc(Cl)c(Cl)c2,-7.25
C1OC1c2ccccc2 ,-1.600000023841858
CC(C)c1ccccc1,-3.2699999809265137
CC12CCC3C(CCC4=CC(=O)CCC34C)C2CCC1C(=O)CO,-3.450000047683716
c2(Cl)c(Cl)c(Cl)c1nccnc1c2(Cl) ,-5.429999828338623
C1OC(O)C(O)C(O)C1O,0.38999998569488525
ClCCl,-0.6299999952316284
CCc1cccc2ccccc12,-4.170000076293945
COC=O,0.5799999833106995
Oc1ccccc1N(=O)=O,-1.7400000095367432
Cc1c[nH]c(=O)[nH]c1=O ,-1.50600004196167
CC(C)C,-2.549999952316284
OCC1OC(C(O)C1O)n2cnc3c(O)ncnc23,-1.2300000190734863
Oc1c(I)cc(C#N)cc1I,-3.609999895095825
Oc1ccc(Cl)cc1C(=O)Nc2ccc(cc2Cl)N(=O)=O,-4.699999809265137
CCCCC,-3.180000066757202
c1ccccc1O,0.0
Nc3ccc2cc1ccccc1cc2c3 ,-5.170000076293945
Cn1cnc2n(C)c(=O)[nH]c(=O)c12 ,-2.5230000019073486
c1ccc2cnccc2c1,-1.4500000476837158
COP(=S)(OC)SCC(=O)N(C(C)C)c1ccc(Cl)cc1,-4.432000160217285
CCCCCCc1ccccc1,-5.210000038146973
Clc1ccccc1c2ccccc2,-4.539999961853027
CCCC(=C)C,-3.0299999713897705
CC(C)C(C)C(C)C,-4.800000190734863
Clc1cc(Cl)c(Cl)c(Cl)c1Cl,-5.650000095367432
Oc1cccc(c1)N(=O)=O,-1.0099999904632568
CCCCCCCCC=C,-5.510000228881836
CC(=O)OCC(COC(=O)C)OC(=O)C,-0.6000000238418579
CCCCc1c(C)nc(nc1O)N(C)C ,-2.240000009536743
CC1(C)C(C=C(Cl)Cl)C1C(=O)OC(C#N)c2ccc(F)c(Oc3ccccc3)c2,-7.336999893188477
c1ccncc1,0.7599999904632568
CCCCCCCBr,-4.429999828338623
Cc1ccncc1C,0.36000001430511475
CC34CC(O)C1(F)C(CCC2=CC(=O)CCC12C)C3CCC4(O)C(=O)CO ,-3.430000066757202
CCSCc1ccccc1OC(=O)NC ,-2.0899999141693115
CCOC(=O)CC(=O)OCC,-0.8199999928474426
CC1=CCC(CC1)C(C)=C,-4.260000228881836
C1Cc2ccccc2C1,-3.0399999618530273
CC(C)(C)c1ccc(O)cc1,-2.4100000858306885
O=C2NC(=O)C1(CC1)C(=O)N2 ,-1.8860000371932983
Clc1cccc(I)c1,-3.549999952316284
Brc1cccc2ccccc12,-4.349999904632568
CC/C=C/C,-2.5399999618530273
Cc1cccc(C)n1,0.44999998807907104
ClC=C(Cl)Cl,-1.9600000381469727
Nc1cccc2ccccc12,-1.9199999570846558
Cc1cccc(C)c1,-2.819999933242798
Oc2ncc1nccnc1n2,-1.9470000267028809
CO,1.5700000524520874
CCC1(CCC(C)C)C(=O)NC(=O)NC1=O,-2.4679999351501465
CCC(=O)C,0.5199999809265137
Fc1c[nH]c(=O)[nH]c1=O ,-1.0770000219345093
Nc1ncnc2n(ccc12)C3OC(CO)C(O)C3O ,-1.9500000476837158
Oc1cccc(O)c1,0.8100000023841858
CCCCCCO,-1.2400000095367432
CCCCCCl,-2.7300000190734863
C=CC=C,-1.8700000047683716
CCCOC(=O)C,-0.7200000286102295
Oc2ccc1CCCCc1c2 ,-1.9900000095367432
NC(=O)CCl ,-0.019999999552965164
COP(=S)(OC)Oc1cc(Cl)c(I)cc1Cl,-6.619999885559082
Cc1ccc(Cl)cc1,-3.0799999237060547
CSc1nnc(c(=O)n1N)C(C)(C)C,-2.253000020980835
Cc1ccc(OP(=O)(Oc2cccc(C)c2)Oc3ccccc3C)cc1,-6.010000228881836
CCCCCC=O,-1.2999999523162842
CCCCOC(=O)c1ccc(N)cc1,-3.0820000171661377
O2c1cc(C)ccc1N(C)C(=O)c3cc(N)cnc23 ,-3.0429999828338623
CC(C)=CCC/C(C)=C\CO,-2.4600000381469727
Clc1ccc(cc1)c2ccccc2Cl ,-5.28000020980835
O=C1N(COC(=O)CCCCCCC)C(=O)C(N1)(c2ccccc2)c3ccccc3,-6.5229997634887695
CCN(=O)=O,-0.2199999988079071
CCN(CC(C)=C)c1c(cc(cc1N(=O)=O)C(F)(F)F)N(=O)=O,-6.124000072479248
Clc1ccc(Cl)c(Cl)c1Cl,-4.570000171661377
CCCC(C)(COC(N)=O)COC(N)=O ,-1.8070000410079956
CC(=O)C3CCC4C2CC=C1CC(O)CCC1(C)C2CCC34C ,-4.650000095367432
CI,-1.0
CC1CC(C)C(=O)C(C1)C(O)CC2CC(=O)NC(=O)C2 ,-1.1299999952316284
O=C1N(COC(=O)CCCCCC)C(=O)C(N1)(c2ccccc2)c3ccccc3,-6.301000118255615
CC1=CC(=O)CC(C)(C)C1 ,-1.059999942779541
O=C1NC(=O)NC(=O)C1(CC)C(C)CC,-2.390000104904175
CCCCC(=O)CCCC,-2.5799999237060547
CCC1(CCC(=O)NC1=O)c2ccccc2 ,-2.3369998931884766
CCC(C)CC,-3.680000066757202
CCOc1ccc(cc1)C(C)(C)COCc3cccc(Oc2ccccc2)c3,-8.600000381469727
Cc1ccccc1n3c(C)nc2ccccc2c3=O,-2.924999952316284
ClCC#N,-0.09200000017881393
CCOP(=S)(CC)Oc1cc(Cl)c(Cl)cc1Cl,-5.751999855041504
CC12CCC(=O)C=C1CCC3C2CCC4(C)C3CCC4(O)C#C ,-5.659999847412109
c1ccnnc1,1.100000023841858
Clc1cc(Cl)c(Cl)c(Cl)c1,-4.630000114440918
C1C(O)CCC2(C)CC3CCC4(C)C5(C)CC6OCC(C)CC6OC5CC4C3C=C21,-7.320000171661377
Nc1ccccc1O,-0.7200000286102295
CCCCCCCCC(=O)OCC,-3.799999952316284
COCC(=O)N(C(C)C(=O)OC)c1c(C)cccc1C ,-1.6009999513626099
CNC(=O)Oc1ccccc1OC(C)C,-2.049999952316284
CCC(C)Cl,-1.9600000381469727
Oc1ccc2ccccc2c1,-2.2799999713897705
CC(C)Oc1cc(c(Cl)cc1Cl)n2nc(oc2=O)C(C)(C)C,-5.696000099182129
CCCCC#C,-2.359999895095825
CCCCCCCC#C,-4.239999771118164
Cc1ccccc1Cl,-3.5199999809265137
CC(C)OC(C)C,-1.100000023841858
Nc1ccc(cc1)S(=O)(=O)c2ccc(N)cc2,-3.0940001010894775
CNN,1.340000033378601
CC#C,-0.4099999964237213
CCOP(=S)(OCC)ON=C(C#N)c1ccccc1,-4.861999988555908
CCNP(=S)(OC)OC(=CC(=O)OC(C)C)C,-3.4079999923706055
C=CC=O,0.5699999928474426
O=c1[nH]cnc2nc[nH]c12 ,-2.2960000038146973
Oc2ccc1ncccc1c2 ,-2.1600000858306885
Fc1ccccc1,-1.7999999523162842
CCCCl,-1.4700000286102295
CCOC(=O)C,-0.03999999910593033
CCCC(C)(C)C,-4.360000133514404
Cc1cc(C)c(C)c(C)c1C,-4.0
CC12CCC(CC1)C(C)(C)O2 ,-1.6399999856948853
CCCCOC(=O)CCCCCCCCC(=O)OCCCC,-3.8959999084472656
Clc1ccc(cc1)c2ccc(Cl)cc2 ,-6.559999942779541
Cc1cccnc1C,0.3799999952316284
CC(=C)C1CC=C(C)C(=O)C1,-2.059999942779541
CCOP(=S)(OCC)SCSc1ccc(Cl)cc1,-5.736000061035156
COc1cc(cc(OC)c1O)C6C2C(COC2=O)C(OC4OC3COC(C)OC3C(O)C4O)c7cc5OCOc5cc67,-3.571000099182129
c1cc2cccc3c4cccc5cccc(c(c1)c23)c54,-8.803999900817871
Cc1ccc(cc1N(=O)=O)N(=O)=O,-2.819999933242798
c1c(Br)ccc2ccccc12 ,-4.400000095367432
CNC(=O)Oc1cccc(N=CN(C)C)c1,-2.3399999141693115
COc2cnc1ncncc1n2,-1.1390000581741333
Cc3ccnc4N(C1CC1)c2ncccc2C(=O)Nc34 ,-3.190000057220459
CCOP(=S)(OCC)Oc1nc(Cl)n(n1)C(C)C,-3.6579999923706055
CC(=C)C=C,-2.0299999713897705
CC(C)=CCCC(O)(C)C=C,-1.9900000095367432
COP(=S)(OC)Oc1ccc(SC)c(C)c1,-4.570000171661377
OC1CCCCC1,-0.4399999976158142
O=C1NC(=O)NC(=O)C1(C)CC=C,-1.159999966621399
CC34CCC1C(CCC2CC(O)CCC12C)C3CCC4=O,-4.159999847412109
OCC(O)C(O)C(O)C(O)CO ,0.05999999865889549
Cc1ccc(cc1)c2ccccc2,-4.619999885559082
CCNc1nc(Cl)nc(NC(C)C)n1,-3.8499999046325684
NC(=S)Nc1ccccc1,-1.7699999809265137
CCCC(=O)CCC,-1.2999999523162842
CC(=O)C(C)(C)C,-0.7200000286102295
Oc1ccc(Cl)cc1,-0.699999988079071
O=C1CCCCC1,-0.6000000238418579
Cc1cccc(N)c1,-0.8500000238418579
ClC(Cl)(Cl)C#N,-2.1679999828338623
CNc2cnn(c1cccc(c1)C(F)(F)F)c(=O)c2Cl,-4.046000003814697
CCCCCCCCC(=O)C,-3.299999952316284
CCN(CC)c1nc(Cl)nc(NC(C)C)n1,-3.7850000858306885
CCOC(=O)c1ccc(N)cc1,-2.615999937057495
Clc1ccc(Cl)c(Cl)c1,-3.5899999141693115
Cc3nnc4CN=C(c1ccccc1Cl)c2cc(Cl)ccc2n34,-4.090000152587891
Oc1ccccc1O,0.6200000047683716
CCN2c1ncccc1N(C)C(=O)c3cccnc23 ,-2.619999885559082
CSC,-0.44999998807907104
Cc1ccccc1Br,-2.2300000190734863
CCOC(=O)N,0.8500000238418579
CC(=O)OC3(CCC4C2C=C(C)C1=CC(=O)CCC1(C)C2CCC34C)C(C)=O ,-5.349999904632568
CC(C)C(O)C(C)C,-1.2200000286102295
c1ccc2ccccc2c1,-3.5999999046325684
CCNc1ccccc1,-1.7000000476837158
O=C1NC(=O)C(N1)(c2ccccc2)c3ccccc3,-4.0970001220703125
Cc1c2ccccc2c(C)c3ccc4ccccc4c13,-7.019999980926514
CCOP(=S)(OCC)SC(CCl)N1C(=O)c2ccccc2C1=O,-6.340000152587891
COc1ccc(cc1)C(c2ccc(OC)cc2)C(Cl)(Cl)Cl,-6.889999866485596
Fc1cccc(F)c1C(=O)NC(=O)Nc2cc(Cl)c(F)c(Cl)c2F ,-7.28000020980835
O=C1N(COC(=O)CCCC)C(=O)C(N1)(c2ccccc2)c3ccccc3,-4.677999973297119
CN(C)C(=O)Nc1ccc(Cl)cc1,-2.890000104904175
OC(Cn1cncn1)(c2ccc(F)cc2)c3ccccc3F,-3.369999885559082
CC(=O)OCC(=O)C3(O)C(CC4C2CCC1=CC(=O)C=CC1(C)C2(F)C(O)CC34C)OC(C)=O ,-4.130000114440918
CCCCBr,-2.369999885559082
Brc1cc(Br)c(Br)cc1Br,-6.980000019073486
CC(C)CC(=O)C,-0.7400000095367432
CCSC(=O)N(CC)C1CCCCC1 ,-3.4000000953674316
COc1ccc(Cl)cc1,-2.7799999713897705
CC1(C)C(C=C(Br)Br)C1C(=O)OC(C#N)c2cccc(Oc3ccccc3)c2,-8.402000427246094
CCC(C)C1(CC=C)C(=O)NC(=O)NC1=O,-2.0160000324249268
COP(=S)(OC)Oc1ccc(N(=O)=O)c(C)c1,-4.039999961853027
Ic1cccc2ccccc12,-4.550000190734863
OCC(O)C(O)C(O)C(O)CO,1.090000033378601
CCS,-0.6000000238418579
ClCC(Cl)Cl,-1.4800000190734863
CN(C)C(=O)Oc1cc(C)nn1c2ccccc2,-2.0899999141693115
NC(=O)c1ccccc1O,-1.8200000524520874
Cc1ccccc1N(=O)=O,-2.3299999237060547
O=C1NC(=O)NC(=O)C1(C(C)C)C(C)C,-2.7660000324249268
CCc1ccccc1C,-3.2100000381469727
CCCCCCCCl,-4.0
O=C1NC(=O)NC(=O)C1(CC)CC,-2.4000000953674316
C(Cc1ccccc1)c2ccccc2,-4.619999885559082
ClC(Cl)C(Cl)Cl,-1.7400000095367432
CCN2c1cc(OC)cc(C)c1NC(=O)c3cccnc23 ,-5.1529998779296875
Cc1ccc2c(ccc3ccccc32)c1,-5.840000152587891
CCCCOC(=O)c1ccccc1C(=O)OCCCC ,-4.400000095367432
COc1c(O)c(Cl)c(Cl)c(Cl)c1Cl ,-4.019999980926514
CCN(CC)C(=O)C(=CCOP(=O)(OC)OC)Cl,0.5230000019073486
CC34CCC1C(=CCc2cc(O)ccc12)C3CCC4=O,-5.2820000648498535
CCOC(=O)c1ccccc1S(=O)(=O)NN(C=O)c2nc(Cl)cc(OC)n2,-4.576000213623047
COc1ccc(cc1)N(=O)=O,-2.4100000858306885
CCCCCCCl,-3.119999885559082
Clc1cc(c(Cl)c(Cl)c1Cl)c2cc(Cl)c(Cl)c(Cl)c2Cl,-9.15999984741211
OCC1OC(CO)(OC2OC(COC3OC(CO)C(O)C(O)C3O)C(O)C(O)C2O)C(O)C1O,-0.4099999964237213
CCCCCCCCCCCCCCCCCCCCCCCCCC,-8.333999633789062
CCN2c1ccccc1N(C)C(=O)c3cccnc23 ,-3.3239998817443848
CC(Cl)Cl,-1.2899999618530273
Nc1ccc(cc1)S(N)(=O)=O,-1.340000033378601
CCCN(CCC)c1c(cc(cc1N(=O)=O)C(C)C)N(=O)=O,-6.489999771118164
ClC1C(Cl)C(Cl)C(Cl)C(Cl)C1Cl,-4.639999866485596
CCOP(=S)(NC(C)C)Oc1ccccc1C(=O)OC(C)C,-4.193999767303467
Clc1cccc(Cl)c1Cl,-4.0
ClC(Cl)(Cl)Cl,-2.309999942779541
O=N(=O)c1cc(Cl)c(Cl)cc1,-3.200000047683716
OC1CCCCCCC1,-1.2899999618530273
CC1(O)CCC2C3CCC4=CC(=O)CCC4(C)C3CCC21C,-3.999000072479248
CCOc1ccc(NC(N)=O)cc1,-2.1700000762939453
C/C1CCC(\C)CC1,-4.46999979019165
c1cnc2c(c1)ccc3ncccc23,-2.680000066757202
COC(C)(C)C,-0.23999999463558197
COc1ccc(C=CC)cc1,-3.130000114440918
CCCCCCCCCCCCCCCCO,-7.0
O=c1cc[nH]c(=O)[nH]1 ,-1.4880000352859497
Nc1ncnc2nc[nH]c12 ,-2.119999885559082
Clc1cc(Cl)c(cc1Cl)c2cccc(Cl)c2Cl ,-7.210000038146973
COc1ccc(cc1)C(O)(C2CC2)c3cncnc3 ,-2.5959999561309814
c1ccc2c(c1)c3cccc4c3c2cc5ccccc54,-8.229999542236328
O=C(Nc1ccccc1)Nc2ccccc2,-3.1500000953674316
CCC1(C(=O)NC(=O)NC1=O)c2ccccc2 ,-2.322000026702881
Clc1ccc(cc1)c2cccc(Cl)c2Cl ,-6.289999961853027
CC(C)c1ccc(NC(=O)N(C)C)cc1,-3.5360000133514404
CCN(CC)C(=O)CSc1ccc(Cl)nn1,-1.715999960899353
CCC(C)(C)CO,-1.0399999618530273
CCCOC(=O)CCC,-1.75
Cc1c(cc(cc1N(=O)=O)N(=O)=O)N(=O)=O,-3.2200000286102295
CC(C)OP(=S)(OC(C)C)SCCNS(=O)(=O)c1ccccc1,-4.199999809265137
C1CCCCCC1,-3.509999990463257
CCCOC=O,-0.49000000953674316
CC(C)c1ccccc1C,-3.759999990463257
Nc1cccc(Cl)c1,-1.3700000047683716
CC(C)CC(C)C,-4.260000228881836
o1c2ccccc2c3ccccc13,-4.599999904632568
CCOC2Oc1ccc(OS(C)(=O)=O)cc1C2(C)C,-3.4200000762939453
CN(C)C(=O)Nc1cccc(c1)C(F)(F)F,-3.430000066757202
c3ccc2nc1ccccc1cc2c3,-3.6700000762939453
CC12CC(=O)C3C(CCC4=CC(=O)CCC34C)C2CCC1(O)C(=O)CO,-3.109999895095825
OCC1OC(O)C(O)C(O)C1O,0.7400000095367432
Cc1cccc(O)c1,-0.6800000071525574
CC2Cc1ccccc1N2NC(=O)c3ccc(Cl)c(c3)S(N)(=O)=O ,-3.5859999656677246
CCC(C)C(=O)OC2CC(C)C=C3C=CC(C)C(CCC1CC(O)CC(=O)O1)C23 ,-6.005000114440918
O=N(=O)c1ccc(cc1)N(=O)=O,-3.390000104904175
CCC1(C(=O)NC(=O)NC1=O)C2=CCC3CCC2C3,-2.696000099182129
CCCCCCCCCC(=O)OCC,-4.099999904632568
CN(C)C(=O)Nc1ccccc1,-1.600000023841858
CCCOCC,-0.6600000262260437
CC(C)O,0.4300000071525574
Cc1ccc2ccccc2c1,-3.7699999809265137
ClC(Br)Br,-1.899999976158142
CCC(C(CC)c1ccc(O)cc1)c2ccc(O)cc2,-4.429999828338623
CCOC(=O)CC(SP(=S)(OC)OC)C(=O)OCC,-3.369999885559082
ClCc1ccccc1,-2.390000104904175
C/C=C/C=O,0.3199999928474426
CON(C)C(=O)Nc1ccc(Br)c(Cl)c1,-3.9240000247955322
Cc1c2ccccc2c(C)c3ccccc13,-6.570000171661377
CCCCCC(=O)OC,-1.8700000047683716
CN(C)C(=O)Nc1ccc(c(Cl)c1)n2nc(oc2=O)C(C)(C)C,-4.328000068664551
CC(=O)Nc1ccc(F)cc1,-1.7799999713897705
CCc1cccc(CC)c1N(COC)C(=O)CCl ,-3.259999990463257
C1CCC=CC1,-2.5899999141693115
CC12CC(O)C3C(CCC4=CC(=O)CCC34C)C2CCC1(O)C(=O)CO,-3.0899999141693115
c1cncnc1,1.100000023841858
Clc1ccc(cc1)N(=O)=O,-2.9200000762939453
CCC(=O)OC,-0.14000000059604645
Clc1ccccc1N(=O)=O,-2.549999952316284
CCCCN(C)C(=O)Nc1ccc(Cl)c(Cl)c1,-4.769999980926514
CN1CC(O)N(C1=O)c2nnc(s2)C(C)(C)C,-1.8769999742507935
O=N(=O)c1ccccc1,-1.7999999523162842
Ic1ccccc1,-3.009999990463257
CC2Nc1cc(Cl)c(cc1C(=O)N2c3ccccc3C)S(N)(=O)=O ,-3.7799999713897705
COc1ccccc1OCC(O)COC(N)=O,-0.9850000143051147
CCCCOCN(C(=O)CCl)c1c(CC)cccc1CC ,-4.190000057220459
Oc1cccc(Cl)c1Cl,-1.2999999523162842
CCCC(=O)OC,-1.9199999570846558
CCC(=O)Nc1ccc(Cl)c(Cl)c1,-3.0
Nc3nc(N)c2nc(c1ccccc1)c(N)nc2n3,-2.4040000438690186
CCCCCC(=O)OCC,-2.3499999046325684
OCC(O)C2OC1OC(OC1C2O)C(Cl)(Cl)Cl ,-1.840000033378601
CN(C=Nc1ccc(C)cc1C)C=Nc2ccc(C)cc2C,-5.46999979019165
COc1nc(NC(C)C)nc(NC(C)C)n1,-2.4779999256134033
CCCCCCC=C,-4.440000057220459
Cc1ccc(N)cc1,-1.2100000381469727
Nc1nccs1 ,-0.36000001430511475
c1ccccc1(OC(=O)NC),-1.8029999732971191
CCCC(O)CC,-0.800000011920929
c3ccc2c(O)c1ccccc1cc2c3 ,-4.730000019073486
Cc1ccc2cc3ccccc3cc2c1,-6.960000038146973
Cc1cccc(C)c1C,-3.200000047683716
CNC(=O)Oc1ccc(N(C)C)c(C)c1,-2.359999895095825
CCCCCCCC(C)O,-2.740000009536743
CN(C(=O)NC(C)(C)c1ccccc1)c2ccccc2,-3.3499999046325684
CCCC(=O)CC,-0.8299999833106995
Oc1c(Br)cc(C#N)cc1Br ,-3.3299999237060547
Clc1ccc(cc1Cl)c2ccccc2 ,-6.389999866485596
CN(C(=O)COc1nc2ccccc2s1)c3ccccc3,-4.873000144958496
Oc1cccc2ncccc12 ,-2.5399999618530273
CC1=C(SCCO1)C(=O)Nc2ccccc2,-3.140000104904175
CCOc2ccc1nc(sc1c2)S(N)(=O)=O ,-3.809999942779541
Oc1c(Cl)c(Cl)c(Cl)c(Cl)c1Cl,-4.28000020980835
ClCBr,-0.8899999856948853
CCC1(CC)C(=O)NC(=O)N(C)C1=O ,-2.2300000190734863
CC(=O)OCC(=O)C3CCC4C2CCC1=CC(=O)CCC1(C)C2CCC34C ,-4.630000114440918
NC(=O)NCc1ccccc1 ,-0.949999988079071
CN(C)C(=O)Nc1ccc(C)c(Cl)c1,-3.4830000400543213
CON(C)C(=O)Nc1ccc(Cl)c(Cl)c1,-3.5920000076293945
OC1CCCCCC1,-0.8799999952316284
CS(=O)(=O)c1ccc(cc1)C(O)C(CO)NC(=O)C(Cl)Cl ,-2.1540000438690186
CCCC(C)C1(CC)C(=O)NC(=S)NC1=O ,-3.359999895095825
CC(=O)Nc1nnc(s1)S(N)(=O)=O ,-2.359999895095825
Oc1ccc(cc1)N(=O)=O,-0.7400000095367432
ClC1=C(Cl)C2(Cl)C3C4CC(C=C4)C3C1(Cl)C2(Cl)Cl,-6.307000160217285
C1CCOC1,0.49000000953674316
Nc1ccccc1N(=O)=O,-1.9600000381469727
Clc1cccc(c1Cl)c2cccc(Cl)c2Cl,-7.28000020980835
CCCCC1C(=O)N(N(C1=O)c2ccccc2)c3ccccc3 ,-3.809999942779541
Cc1c(cccc1N(=O)=O)N(=O)=O,-3.0
CC(=O)C1CCC2C3CCC4=CC(=O)CCC4(C)C3CCC12C,-4.420000076293945
CCN(CC)c1nc(Cl)nc(n1)N(CC)CC,-4.410999774932861
ClC(Cl)C(Cl)(Cl)SN2C(=O)C1CC=CCC1C2=O ,-5.400000095367432
c1(Br)c(Br)cc(Br)cc1,-4.5
OC3N=C(c1ccccc1)c2cc(Cl)ccc2NC3=O ,-3.9519999027252197
O=C1NC(=O)NC(=O)C1(C(C)CCC)CC=C,-2.3559999465942383
c1(O)c(C)ccc(C(C)C)c1,-2.0799999237060547
C1SC(=S)NC1(=O),-1.7699999809265137
Oc1ccc(c(O)c1)c3oc2cc(O)cc(O)c2c(=O)c3O ,-3.0829999446868896
ClC1(C(=O)C2(Cl)C3(Cl)C14Cl)C5(Cl)C2(Cl)C3(Cl)C(Cl)(Cl)C45Cl,-5.258999824523926
CCN(CC)C(=S)SSC(=S)N(CC)CC,-4.860000133514404
C1CCCCC1,-3.0999999046325684
ClC1=C(Cl)C(Cl)(C(=C1Cl)Cl)C2(Cl)C(=C(Cl)C(=C2Cl)Cl)Cl,-7.2779998779296875
CN(C)C=Nc1ccc(Cl)cc1C,-2.859999895095825
CC34CCc1c(ccc2cc(O)ccc12)C3CCC4=O,-5.239999771118164
CCCCCCCCO,-2.390000104904175
CCSCC,-1.340000033378601
ClCCCl,-1.059999942779541
CCC(C)(C)Cl,-2.509999990463257
ClCCBr,-1.3200000524520874
Nc1ccc(cc1)N(=O)=O,-2.369999885559082
OCC1OC(OC2C(O)C(O)C(O)OC2CO)C(O)C(O)C1O,-0.24400000274181366
CCN2c1ncccc1N(CC)C(=O)c3cccnc23 ,-2.859999895095825
Clc1ccccc1,-2.380000114440918
CCCCCCCC=C,-5.050000190734863
Brc1ccc(I)cc1,-4.559999942779541
CCC(C)(O)CC,-0.36000001430511475
CCCCCc1ccccc1,-4.639999866485596
NC(=O)NC1NC(=O)NC1=O ,-1.600000023841858
OCC(O)COC(=O)c1ccccc1Nc2ccnc3cc(Cl)ccc23,-4.571000099182129
ClC(Cl)C(c1ccc(Cl)cc1)c2ccc(Cl)cc2,-7.199999809265137
CC(=O)OC3CCC4C2CCC1=CC(=O)CCC1(C)C2CCC34C ,-5.184000015258789
Clc1cccc2ccccc12,-3.930000066757202
CCN2c1ccccc1N(C)C(=O)c3ccccc23 ,-4.749000072479248
CCCCC(C)O,-0.8899999856948853
CCCC1CCCC1,-4.739999771118164
CCOC(=O)c1cncn1C(C)c2ccccc2,-4.735000133514404
Oc1ccc(Cl)c(Cl)c1,-1.25
CC1(C)C(C=C(Cl)Cl)C1C(=O)OC(C#N)c2cccc(Oc3ccccc3)c2,-8.017000198364258
c2ccc1ocnc1c2,-1.159999966621399
CCCCCO,-0.6000000238418579
CCN(CC)c1ccccc1,-3.0299999713897705
Fc1cccc(F)c1,-2.0
ClCCC#N ,-0.28999999165534973
CC(C)(C)Cc1ccccc1,-4.150000095367432
O=C1NC(=O)NC(=O)C1(CC)c1ccccc1,-2.322000026702881
Clc1ccccc1I,-3.5399999618530273
c2ccc1[nH]nnc1c2,-0.7799999713897705
CNC(=O)Oc1cccc2CC(C)(C)Oc12,-2.799999952316284
Cc1cccc(C)c1O,-1.2899999618530273
CC(C)C(C)O,-0.18000000715255737
c1ccccc1C(O)c2ccccc2,-2.549999952316284
CCCCCCCCCC(=O)OC,-4.690000057220459
COP(=S)(OC)Oc1ccc(cc1Cl)N(=O)=O,-4.309999942779541
CC(C)CBr,-2.430000066757202
CCI,-1.600000023841858
CN(C)C(=O)Oc1nc(nc(C)c1C)N(C)C,-1.9500000476837158
CCCCCCBr,-3.809999942779541
CCCC(C)C,-3.740000009536743
Cc1c(F)c(F)c(COC(=O)C2C(C=C(Cl)C(F)(F)F)C2(C)C)c(F)c1F,-7.321000099182129
CCc1cccc(C)c1N(C(C)COC)C(=O)CCl ,-2.7300000190734863
ON=Cc1ccc(o1)N(=O)=O ,-2.190000057220459
CC(C)C(Nc1ccc(cc1Cl)C(F)(F)F)C(=O)OC(C#N)c2cccc(Oc3ccccc3)c2,-8.003000259399414
Nc1nc[nH]n1,0.5220000147819519
BrC(Br)Br,-1.909999966621399
COP(=O)(OC)C(O)C(Cl)(Cl)Cl,-0.2199999988079071
CCOP(=S)(OCC)SCn1c(=O)oc2cc(Cl)ccc12,-5.232999801635742
OCc1ccccc1,-0.4000000059604645
O=c2c(C3CCCc4ccccc43)c(O)c1ccccc1o2 ,-2.8399999141693115
Oc1ccc(Br)cc1,-1.090000033378601
CC(C)Br,-1.590000033378601
CC(C)CC(C)(C)C,-4.739999771118164
O=N(=O)c1cc(cc(c1)N(=O)=O)N(=O)=O,-2.890000104904175
CN2C(=O)CN=C(c1ccccc1)c3cc(ccc23)N(=O)=O,-3.7960000038146973
CCC,-1.940000057220459
Nc1cc(nc(N)n1=O)N2CCCCC2 ,-1.9889999628067017
Nc2cccc3nc1ccccc1cc23 ,-4.21999979019165
c1ccc2cc3c4cccc5cccc(c3cc2c1)c45,-8.489999771118164
OC(c1ccc(Cl)cc1)(c2ccc(Cl)cc2)C(Cl)(Cl)Cl,-5.665999889373779
C1Cc2cccc3cccc1c23,-4.630000114440918
CCOP(=S)(OCC)SC(CCl)N2C(=O)c1ccccc1C2=O,-6.340000152587891
Brc1ccc(Br)cc1,-4.070000171661377
Cn2c(=O)on(c1ccc(Cl)c(Cl)c1)c2=O,-2.819999933242798
Oc1ccc(cc1)c2ccccc2,-3.4800000190734863
CC1=C(CCCO1)C(=O)Nc2ccccc2 ,-2.559999942779541
CCOC=C,-0.8500000238418579
CCC#C,-1.2400000095367432
COc1ncnc2nccnc12 ,-1.1100000143051147
CCCCC(C)(O)CC,-1.600000023841858
Clc1ccc(Cl)cc1,-3.2699999809265137
O=C1N(COC(=O)C)C(=O)C(N1)(c2ccccc2)c3ccccc3,-4.46999979019165
CSCS(=O)CC(CO)NC(=O)C=Cc1c(C)[nH]c(=O)[nH]c1=O,-1.9809999465942383
Cc1c[nH]c2ccccc12 ,-2.4200000762939453
COc2ncc1nccnc1n2,-1.1100000143051147
CNC(=O)Oc1ccccc1C2OCCO2,-1.5700000524520874
C1N(C(=O)NCC(C)C)C(=O)NC1,-2.1500000953674316
CC#N,0.25999999046325684
CCOC(=O)NCCOc2ccc(Oc1ccccc1)cc2,-4.699999809265137
CC(=O)N(S(=O)c1ccc(N)cc1)c2onc(C)c2C ,-3.5899999141693115
ClCC(Cl)(Cl)Cl,-2.180000066757202
CCCCO,0.0
CC1CCCCC1NC(=O)Nc2ccccc2,-4.110000133514404
Clc1cc(Cl)cc(Cl)c1,-4.480000019073486
O=Cc1ccco1,-0.10000000149011612
CC(C)CCO,-0.5099999904632568
O=Cc2ccc1OCOc1c2 ,-1.6299999952316284
CC(=C)C,-2.3299999237060547
O=Cc1ccccc1,-1.190000057220459
CC(=C)C(=C)C,-2.4000000953674316
CCOC(=O)CCN(SN(C)C(=O)Oc1cccc2CC(C)(C)Oc21)C(C)C,-4.710000038146973
O2c1ccccc1N(C)C(=O)c3cccnc23 ,-3.671999931335449
C1c2ccccc2c3ccccc13,-5.0
CC1CCCCC1,-3.8499999046325684
NC(=N)NS(=O)(=O)c1ccc(N)cc1 ,-1.9900000095367432
COC(=O)c1ccc(O)cc1,-1.8270000219345093
CC1CCCO1,0.10999999940395355
CC3C2CCC1(C)C=CC(=O)C(=C1C2OC3=O)C,-3.0899999141693115
OCC2OC(Oc1ccccc1CO)C(O)C(O)C2O,-0.8500000238418579
CCCI,-2.2899999618530273
CCNc1nc(NC(C)C)nc(SC)n1,-3.0399999618530273
CCCO,0.6200000047683716
CC(=O)C1(O)CCC2C3CCC4=CC(=O)CCC4(C)C3CCC21C,-3.816999912261963
CCCC(C)O,-0.28999999165534973
OC(C(=O)c1ccccc1)c2ccccc2,-2.8499999046325684
Cc1ccc(O)c(C)c1,-1.190000057220459
Clc1cccc(c1)N(=O)=O,-2.7699999809265137
Cc2c(N)c(=O)n(c1ccccc1)n2C,-0.6240000128746033
Clc1ccc(c(Cl)c1)c2cc(Cl)ccc2Cl ,-6.570000171661377
ClC(=C(Cl)C(=C(Cl)Cl)Cl)Cl,-4.920000076293945
CCNc1nc(NC(C)(C)C)nc(SC)n1,-4.0
CCC(C)CCO,-0.7099999785423279
Cc2ncc1nccnc1n2,-0.11999999731779099
CC23Cc1cnoc1C=C2CCC4C3CCC5(C)C4CCC5(O)C#C,-5.506999969482422
CCCCI,-2.9600000381469727
Brc1ccc2ccccc2c1,-4.400000095367432
CC1OC(CC(O)C1O)OC2C(O)CC(OC2C)OC8C(O)CC(OC7CCC3(C)C(CCC4C3CC(O)C5(C)C(CCC45O)C6=CC(=O)OC6)C7)OC8C ,-4.080999851226807
FC(F)(F)c1ccccc1,-2.509999990463257
CCCCCCOC(=O)c1ccccc1C(=O)OCCCCCC,-6.144000053405762
c1ccc2c(c1)sc3ccccc23,-4.380000114440918
Clc1ccc(c(Cl)c1)c2ccc(Cl)c(Cl)c2Cl ,-7.800000190734863
Clc1ccc(c(Cl)c1Cl)c2ccc(Cl)c(Cl)c2Cl ,-8.010000228881836
CC(=O)CC(c1ccccc1)c3c(O)c2ccccc2oc3=O ,-3.8929998874664307
c1ccccc1C(O)C(O)c2ccccc2,-1.9299999475479126
COC(=O)c1ccccc1C(=O)OC,-1.659999966621399
CCCCCCCC(=O)OCC,-3.390000104904175
CCSSCC,-2.4200000762939453
CCOCCOCC,-0.7699999809265137
Clc1cc(Cl)c(Cl)cc1Cl,-5.559999942779541
Nc1ccc(cc1)c2ccc(N)cc2,-2.700000047683716
CCCCCC=C,-3.7300000190734863
CCCCc1c(C)nc(NCC)[nH]c1=O,-3.0280001163482666
O=C1NC(=O)NC(=O)C1(CC)C(C)CCC,-2.390000104904175
Nc1ccccc1Cl,-1.5199999809265137
COc1cccc(Cl)c1,-2.7799999713897705
CCCCN(CC)C(=O)SCCC,-3.5299999713897705
CCCCOC=O,-1.3700000047683716
CC12CC(O)C3C(CCC4=CC(=O)C=CC34C)C2CCC1(O)C(=O)CO,-3.180000066757202
BrC(Cl)Cl,-1.5399999618530273
CC34CC(=O)C1C(CCC2=CC(=O)CCC12C)C3CCC4(=O) ,-3.4800000190734863
c1ccc(cc1)c2ccc(cc2)c3ccccc3,-7.110000133514404
Oc1ccc(C=O)cc1,-0.9599999785423279
CBr,-0.7900000214576721
Cc1cc(ccc1NS(=O)(=O)C(F)(F)F)S(=O)(=O)c2ccccc2,-3.799999952316284
CC(=O)CC(c1ccc(Cl)cc1)c2c(O)c3ccccc3oc2=O,-5.839000225067139
CCc1ccc2ccccc2c1,-4.289999961853027
Nc1c(C)c[nH]c(=O)n1 ,-1.4579999446868896
Clc2c(Cl)c(Cl)c(c1ccccc1)c(Cl)c2Cl ,-7.920000076293945
c1c(NC(=O)c2ccccc2(I))cccc1,-4.210000038146973
Cc3cc2nc1c(=O)[nH]c(=O)nc1n(CC(O)C(O)C(O)CO)c2cc3C,-3.684999942779541
Fc1ccccc1Br,-2.700000047683716
Oc1ccc(Cl)cc1Cl,-1.5499999523162842
CC1(C)C(C=C(Cl)Cl)C1C(=O)OCc2cccc(Oc3ccccc3)c2,-6.290999889373779
CN2C(=C(O)c1ccccc1S2(=O)=O)C(=O)Nc3ccccn3 ,-4.159999847412109
O=C1N(COC(=O)CC)C(=O)C(N1)(c2ccccc2)c3ccccc3,-4.9070000648498535
C1CCCC1,-2.640000104904175
Cc1ccccc1N,-2.2100000381469727
c1(OC)ccc(CC=C)cc1,-2.9200000762939453
CN(C)C(=O)Nc1cccc(OC(=O)NC(C)(C)C)c1 ,-2.930000066757202
CC(C)C=C,-2.7300000190734863
Oc1ccccn1,1.0199999809265137
CC,-1.3600000143051147
Clc1ccccc1Cl,-3.049999952316284
Sc2nc1ccccc1s2 ,-3.180000066757202
Clc1c(Cl)c(Cl)c(c(Cl)c1Cl)c2c(Cl)c(Cl)c(Cl)c(Cl)c2Cl ,-11.600000381469727
COc2c1occc1cc3ccc(=O)oc23 ,-3.6640000343322754
CC(=O)N,1.5800000429153442
Cc1cccc2ccccc12,-3.700000047683716
CCN(CC)C(=O)C(C)Oc1cccc2ccccc12 ,-3.569999933242798
CC(O)C(C)(C)C,-0.6200000047683716
CCCC(=O)OCC,-1.3600000143051147
CC2=CC(=O)c1ccccc1C2=O ,-3.0299999713897705
c1ccc2c(c1)ccc3ccccc32,-5.260000228881836
Cc1ccnc(C)c1,0.3799999952316284
CCCCCCCCCO,-3.009999990463257
BrCBr,-1.1699999570846558
CC1CC2C3CCC4=CC(=O)C=CC4(C)C3(F)C(O)CC2(C)C1(O)C(=O)CO,-3.5899999141693115
Cc1ccc2cc(C)ccc2c1,-4.889999866485596
CCSC(=O)N(CC(C)C)CC(C)C,-3.680000066757202
O=N(=O)OCC(CON(=O)=O)ON(=O)=O ,-2.2200000286102295
Nc1cccc(c1)N(=O)=O,-2.190000057220459
CCCCCl,-2.0299999713897705
ClC(Cl)(Cl)C(NC=O)N1C=CN(C=C1)C(NC=O)C(Cl)(Cl)Cl ,-4.190000057220459
Cn2cc(c1ccccc1)c(=O)c(c2)c3cccc(c3)C(F)(F)F,-4.445000171661377
Nc3cc2c1ccccc1ccc2c4ccccc34 ,-6.199999809265137
CC12CCC3C(CCc4cc(O)ccc34)C2CCC1=O,-3.9549999237060547
CCN2c1ccccc1N(C)C(=S)c3cccnc23 ,-4.705999851226807
CC1CO1,-0.5899999737739563
O=C3CN=C(c1ccccc1)c2cc(ccc2N3)N(=O)=O,-3.7960000038146973
CCNC(=S)NCC,-1.4600000381469727
Oc1cc(Cl)cc(Cl)c1Cl,-2.6700000762939453
CCCCC(=O)OC,-1.340000033378601
Nc1ccccc1,-0.4099999964237213
Cc1cccc2c(C)cccc12,-4.678999900817871
NS(=O)(=O)c2cc1c(NCNS1(=O)=O)cc2Cl ,-2.630000114440918
C1=Cc2cccc3cccc1c23,-3.9600000381469727
CCCCCOC(=O)CC,-1.2799999713897705
CCNc1nc(NC(C)C)nc(OC)n1,-2.0840001106262207
c1ccc2c(c1)cc3ccc4cccc5ccc2c3c45,-8.699000358581543
CCBr,-1.090000033378601
CCC#CCC,-1.9900000095367432
CC1OC(CC(O)C1O)OC2C(O)CC(OC2C)OC8C(O)CC(OC7CCC3(C)C(CCC4C3CCC5(C)C(CCC45O)C6=CC(=O)OC6)C7)OC8C ,-5.293000221252441
CCC(=C)C,-2.7300000190734863
Oc1cccc2cccnc12 ,-2.4200000762939453
C1CCc2ccccc2C1,-4.369999885559082
Oc1ccc(cc1)C2(OC(=O)c3ccccc23)c4ccc(O)cc4 ,-2.9000000953674316
Brc1cc(Br)cc(Br)c1,-5.599999904632568
COP(=S)(OC)Oc1cc(Cl)c(Cl)cc1Cl,-5.71999979019165
Cc1cc(=O)[nH]c(=S)[nH]1,-2.436000108718872
COc1cc(CC=C)ccc1O,-1.559999942779541
O=C1NC(=O)NC(=O)C1(C(C)C)CC=C,-1.7079999446868896
c1cc2ccc3cccc4ccc(c1)c2c34,-6.176000118255615
CCOC(C)OCC,-0.4300000071525574
CC1(C)CON(Cc2ccccc2Cl)C1=O,-2.3380000591278076
CCCCOCCO,-0.41999998688697815
Clc1c(Cl)c(Cl)c(N(=O)=O)c(Cl)c1Cl,-5.820000171661377
CC12CCC(O)CC1CCC3C2CCC4(C)C3CCC4=O,-4.4019999504089355
FC(F)(F)c1cccc(c1)N2CC(CCl)C(Cl)C2=O,-4.046999931335449
c1ccc2ncccc2c1,-1.2999999523162842
COC(=O)c1cc(O)c(O)c(O)c1 ,-1.2400000095367432
OC(Cn1cncn1)(Cn2cncn2)c3ccc(F)cc3F ,-1.7999999523162842
Clc2ccc1oc(=O)[nH]c1c2,-2.8310000896453857
Clc1ccc(c(Cl)c1)c2c(Cl)c(Cl)c(Cl)c(Cl)c2Cl,-7.920000076293945
O=C1NC(=O)C(=O)C(=O)N1 ,-1.25
ClCCCCl,-1.6200000047683716
Fc1cccc(Br)c1,-2.6700000762939453
Clc1ccc(Br)cc1,-3.630000114440918
CC(C)C(C)C,-3.6500000953674316
CCC=C,-1.940000057220459
Clc1ccc(Cl)c(c1)c2cc(Cl)c(Cl)c(Cl)c2Cl,-7.679999828338623
Nc1cc[nH]c(=O)n1 ,-1.1549999713897705
FC(F)(Cl)C(F)(Cl)Cl,-3.0399999618530273
CCC#N,0.2800000011920929
ClC(Cl)C(c1ccc(Cl)cc1)c2ccccc2Cl ,-6.510000228881836
COc1ccccc1N(=O)=O,-1.9600000381469727
CC34CCC1C(CC=C2CC(O)CCC12C)C3CCC4=O,-4.119999885559082
CC12CC2(C)C(=O)N(C1=O)c3cc(Cl)cc(Cl)c3,-4.800000190734863
c1cc2ccc3ccc4ccc5cccc6c(c1)c2c3c4c56,-9.017999649047852
CCC(C)c1cc(cc(N(=O)=O)c1O)N(=O)=O ,-3.380000114440918
c1c(OC)c(OC)C2C(=O)OCC2c1,-1.8990000486373901
OCC(O)CO,1.1200000047683716
COc1ccccc1O ,-1.9600000381469727
CCOP(=S)(OCC)Oc1nc(Cl)c(Cl)cc1Cl ,-5.670000076293945
Cc1c2ccccc2cc3ccccc13,-5.889999866485596
Cc1cc(=O)n(c2ccccc2)n1C,0.7149999737739563
CCCCOC,-0.9900000095367432
Cc2cnc1cncnc1n2,-0.8539999723434448
CCNc1nc(Cl)nc(NCC)n1 ,-4.550000190734863
CN(C)C(=O)C,1.1100000143051147
CSc1nc(nc(n1)N(C)C)N(C)C,-2.6760001182556152
C=C,-0.4000000059604645
CC(C)(C)CCO,-0.5
O=C1NC(=O)NC(=O)C1(CC)CC=C,-1.6139999628067017
Oc1ccc(Cl)c(Cl)c1Cl,-2.6700000762939453
COc1ccccc1,-1.850000023841858
c1ccc(Cl)cc1C(c2ccc(Cl)cc2)(O)C(=O)OC(C)C,-4.53000020980835
CC13CCC(=O)C=C1CCC4C2CCC(C(=O)CO)C2(CC(O)C34)C=O ,-3.8499999046325684
COc2ccc(Oc1ccc(NC(=O)N(C)C)cc1)cc2,-4.159999847412109
CCc1ccc(C)cc1,-3.109999895095825
CC(C)SC(C)C,-2.240000009536743
O=N(=O)c1cccc(c1)N(=O)=O,-2.2899999618530273
CCOP(=S)(OCC)SCSP(=S)(OCC)OCC,-5.539999961853027
CCC1(C(C)C)C(=O)NC(=O)NC1=O ,-2.2100000381469727
CC(=O)OCC(=O)C3(O)CCC4C2CCC1=CC(=O)CCC1(C)C2C(=O)CC34C ,-4.210000038146973
Cc1ncc(N(=O)=O)n1CCO,-1.2200000286102295
Nc1ccc(Cl)cc1,-1.659999966621399
CCCC(C)(C)CO,-1.5199999809265137
c1ccoc1,-0.8199999928474426
COCCCNc1nc(NC(C)C)nc(SC)n1,-2.927999973297119
CN(C)C(=O)NC1CC2CC1C3CCCC23,-3.1710000038146973
CC(C)(C)c1ccccc1,-3.6600000858306885
CC(=O)CCC1C(=O)N(N(C1=O)c2ccccc2)c3ccccc3,-3.2699999809265137
CC(=O)OCC(=O)C3(O)CCC4C2CCC1=CC(=O)C=CC1(C)C2C(O)CC34C ,-4.369999885559082
CCCOC,-0.38999998569488525
CC(C)OC(=O)C,-0.550000011920929
Brc1ccccc1,-2.549999952316284
CCOC(=O)c1ccc(O)cc1,-2.3499999046325684
O=C1N(COC(=O)CCC)C(=O)C(N1)(c2ccccc2)c3ccccc3,-5.071000099182129
CCC(=O)OC3CCC4C2CCC1=CC(=O)CCC1(C)C2CCC34C ,-5.369999885559082
c1cc2ccc3ccc4ccc5ccc6ccc1c7c2c3c4c5c67,-9.331999778747559
O=c1[nH]cnc2[nH]ncc12 ,-2.2660000324249268
ClC=C,-1.75
CN(C)C(=O)C(c1ccccc1)c2ccccc2 ,-2.9800000190734863
BrC(Br)(Br)Br,-3.140000104904175
CCN2c1cc(N(C)C)cc(C)c1NC(=O)c3cccnc23 ,-4.870999813079834
O=C1NC(=O)c2ccccc12 ,-2.609999895095825
OC(c1ccc(Cl)cc1)(c2cncnc2)c3ccccc3Cl,-4.380000114440918
COC(=O)c1ccccc1,-1.850000023841858
Cn1ccc(=O)[nH]c1=O,-0.8069999814033508
CCCCC1C(=O)N(N(C1=O)c2ccc(O)cc2)c3ccccc3 ,-3.7300000190734863
Clc1ccc(Cl)c(c1)c2cccc(Cl)c2Cl ,-6.46999979019165
CCC2NC(=O)c1cc(c(Cl)cc1N2)S(N)(=O)=O,-3.2899999618530273
CN(C)C(=O)Nc1ccc(Cl)c(Cl)c1,-3.799999952316284
C1CC=CC1,-2.0999999046325684
C1(=O)NC(=O)NC(=O)C1(O)C2(O)C(=O)NC(=O)NC2(=O),-1.9900000095367432
CCCCCCCCC,-5.880000114440918
Oc1ccccc1Cl,-1.059999942779541
c1cccc2c3c(C)cc4ccccc4c3ccc12,-6.590000152587891
CCOc1ccccc1,-2.3299999237060547
CCOC(=O)C=Cc1ccccc1,-3.0
Cc1[nH]c(=O)n(c(=O)c1Cl)C(C)(C)C,-2.4839999675750732
Clc1ccccc1C2=NCC(=O)Nc3ccc(cc23)N(=O)=O,-3.499000072479248
Cc1ccc(cc1)S(=O)(=O)N,-1.7400000095367432
CC(OC(=O)Nc1cccc(Cl)c1)C#C,-2.617000102996826
CCCCCC(C)C,-5.079999923706055
CC1(C)C(C=C(Cl)C(F)(F)F)C1C(=O)OC(C#N)c2cccc(Oc3ccccc3)c2,-8.175999641418457
CCCC1C(=O)N3N(C1=O)c2cc(C)ccc2N=C3N(C)C ,-3.5380001068115234
CN2C(=O)CN=C(c1ccccc1)c3cc(Cl)ccc23,-3.753999948501587
CCC(O)C(C)C,-0.699999988079071
CCOP(=S)(OCC)Oc1ccc(cc1)S(C)=O ,-2.299999952316284
CC1(C)C2CCC1(C)C(O)C2,-2.319999933242798
CC12CCC3C(CCC4=CC(=O)CCC34C)C2CCC1O,-4.019999980926514
CCCCCCC,-4.53000020980835
Oc1cccc2ccccc12,-2.2200000286102295
C/C1CCCCC1\C,-4.300000190734863
COc2cc1c(N)nc(nc1c(OC)c2OC)N3CCN(CC3)C(=O)OCC(C)(C)O ,-3.638000011444092
C1Cc2c3c1cccc3cc4c2ccc5ccccc54,-7.849999904632568
CC(=O)C3(C)CCC4C2C=C(C)C1=CC(=O)CCC1(C)C2CCC34C,-5.269999980926514
CCCCCC(=O)C,-1.4500000476837158
COP(=O)(NC(C)=O)SC ,0.5400000214576721
CCCCSP(=O)(SCCCC)SCCCC,-5.139999866485596
c1cC2C(=O)NC(=O)C2cc1,-2.931999921798706
NS(=O)(=O)c2cc1c(NC(NS1(=O)=O)C(Cl)Cl)cc2Cl ,-2.680000066757202
CC=C(C)C,-2.559999942779541
Cc1ccc(C)c(C)c1,-3.309999942779541
Oc1cc(Cl)c(Cl)cc1Cl,-2.2100000381469727
c1ccc2c(c1)cnc3ccccc23 ,-2.7799999713897705
CCCC(C)(O)CC,-0.9800000190734863
CCCCCCCC,-5.239999771118164
c1ccc2cc3ccccc3cc2c1,-6.349999904632568
NNc1ccccc1,0.07000000029802322
CCC=O,0.5799999833106995
C1CCCCCCC1,-4.150000095367432
O=C1NC(=O)NC(=O)C1(CC=C)CC=C,-2.0769999027252197
ClC(Cl)Cl,-1.1699999570846558
Sc1nccc(=O)[nH]1 ,-2.2730000019073486
Clc1ccc(CN(C2CCCC2)C(=O)Nc3ccccc3)cc1,-5.914999961853027
CC1=CCCCC1,-3.2699999809265137
CCCCC(CC)C=O,-2.130000114440918
COc2c1occc1c(OC)c3c(=O)cc(C)oc23 ,-3.0209999084472656
O=C1NC(=O)NC(=O)C1(CC)CCC(C)C,-2.6579999923706055
c1ccc2c3c(ccc2c1)c4cccc5cccc3c45,-8.0
CCC(CC)C=O,-1.5199999809265137
CCCOCCC,-1.6200000047683716
CCCCCCCCCCCCCCO,-5.840000152587891
Oc1c(Cl)ccc(Cl)c1Cl,-2.640000104904175
NC(=O)N,0.9599999785423279
CCCC#C,-1.6399999856948853
Brc1cccc(Br)c1,-3.5399999618530273
CCCCCCCCCCCCCCCCCCO,-8.399999618530273
CC(=O)Nc1ccccc1,-1.3300000429153442
c1cc(O)c(O)c2OCC3(O)CC4=CC(=O)C(O)=CC4=C3c21,-2.700000047683716
c1nccc(C(=O)NN)c1,0.008999999612569809
OC1C=CC2C1C3(Cl)C(=C(Cl)C2(Cl)C3(Cl)Cl)Cl ,-5.460000038146973
CC(C)CCOC=O,-1.5199999809265137
CC(=O)c1ccccc1,-1.2799999713897705
c2ccc1nc(ccc1c2)c4ccc3ccccc3n4 ,-5.400000095367432
CCOP(=O)(OCC)OCC,0.4300000071525574
CC2(C)C1CCC(C)(C1)C2=O,-1.850000023841858
COc2cnc1cncnc1n2,-0.9100000262260437
ClC2=C(Cl)C3(Cl)C1C=CCC1C2(Cl)C3(Cl)Cl ,-5.639999866485596
CC(C)N(=O)=O,-0.6200000047683716
c1ccc2c(c1)[nH]c3ccccc32,-5.269999980926514
OCC(O)C(O)CO,0.699999988079071
CCCOC(=O)c1ccc(N)cc1,-2.4519999027252197
CNC(=O)C=C(C)OP(=O)(OC)OC,0.6510000228881836
O=C1CCC(=O)N1,0.30000001192092896
CCC(C)C(C)C,-4.28000020980835
CCCCc1c(C)nc(NCC)nc1OS(=O)(=O)N(C)C ,-4.159999847412109
CCN2c1ncccc1N(C)C(=S)c3cccnc23 ,-4.633999824523926
O2c1ccccc1N(CC)C(=O)c3ccccc23 ,-3.680000066757202
C1CCOCC1,-0.029999999329447746
CCCCCC#C,-3.009999990463257
c1cc2ccc(OC)c(CC=C(C)(C))c2oc1=O ,-4.314000129699707
c1cc(C)cc2c1c3cc4cccc5CCc(c45)c3cc2,-7.920000076293945
CCOC(=O)c1ccccc1,-2.319999933242798
ClCC(C)C,-2.0
CC34CCC1C(CCc2cc(O)ccc12)C3CCC4(O)C#C ,-4.300000190734863
CCCCCCCCCCCC(=O)OC,-4.690000057220459
CCCSCCC,-2.5799999237060547
c1ccc2cc3cc4ccccc4cc3cc2c1,-8.600000381469727
CCCCCBr,-3.0799999237060547
CCCC/C=C/C,-3.819999933242798
Cc1ncc(N(=O)=O)n1CCO ,-1.2599999904632568
CCCCCC1CCCC1,-6.079999923706055
Clc1ccc(Cl)c(c1)c2c(Cl)c(Cl)cc(Cl)c2Cl ,-7.420000076293945
O=C1NC(=O)NC(=O)C1(CC)C(C)C,-2.1480000019073486
CC(Cl)(Cl)Cl,-2.0
CON(C)C(=O)Nc1ccc(Cl)cc1,-2.569999933242798
O=C2NC(=O)C1(CCCCC1)C(=O)N2,-3.059999942779541
CN(C)C(=O)OC1=CC(=O)CC(C)(C)C1 ,-0.8500000238418579
Cc1ccc(Br)cc1,-3.190000057220459
CCOCC,-0.09000000357627869
CC(C)NC(=O)N1CC(=O)N(C1=O)c2cc(Cl)cc(Cl)c2,-4.375999927520752
CCCCN(CC)c1c(cc(cc1N(=O)=O)C(F)(F)F)N(=O)=O,-5.53000020980835
Cc1cc(C)c(O)c(C)c1,-2.049999952316284
c1ccccc1,-1.6399999856948853
Clc1ccc(I)cc1,-4.03000020980835
COc1ccc(NC(=O)N(C)C)cc1Cl,-2.563999891281128
CC(C)N(C(=O)CCl)c1ccccc1 ,-2.4800000190734863
C=Cc1ccccc1,-2.819999933242798
COCOC,0.47999998927116394
Cc1ccccc1C,-2.799999952316284
CCC(C)O,0.4699999988079071
Oc1ccc(O)cc1,-0.17000000178813934
CC34CCC1C(CCc2cc(O)ccc12)C3CC(O)C4O ,-4.954999923706055
C1c2ccccc2c3cc4ccccc4cc13,-8.039999961853027
O=C1CNC(=O)N1 ,-0.4000000059604645
c1(O)cc(O)ccc1CCCCCC,-2.5899999141693115
C=CCS(=O)SCC=C,-0.8299999833106995
CCOP(=S)(OCC)Oc2ccc1oc(=O)c(Cl)c(C)c1c2,-5.381999969482422
Cc1c(C)c2c3ccccc3ccc2c4ccccc14,-7.010000228881836
CCCCC(=O)OC3(C(C)CC4C2CCC1=CC(=O)C=CC1(C)C2(F)C(O)CC34C)C(=O)CO,-4.710000038146973
O=c2[nH]c(=O)c1[nH]c(=O)[nH]c1[nH]2 ,-3.930000066757202
Oc1c(Cl)cc(Cl)c(Cl)c1Cl,-3.0999999046325684
Clc1cccc(Cl)c1,-3.0399999618530273
Clc1ccc(cc1)C(c2ccc(Cl)cc2)C(Cl)(Cl)Cl,-7.150000095367432
CC(C)COC=O,-1.0099999904632568
c1ccccc1SC,-2.390000104904175
CCN2c1nc(C)cc(C(F)(F)F)c1NC(=O)c3cccnc23 ,-4.206999778747559
CCCCCC,-3.8399999141693115
COC(=O)c1cccnc1 ,-0.46000000834465027
NS(=O)(=O)c3cc2c(NC(Cc1ccccc1)NS2(=O)=O)cc3C(F)(F)F,-3.5899999141693115
Clc1ccc(cc1Cl)c2cc(Cl)c(Cl)c(Cl)c2Cl ,-7.820000171661377
CC1(OC(=O)N(C1=O)c2cc(Cl)cc(Cl)c2)C=C,-4.925000190734863
CCNc1nc(Cl)nc(NC(C)(C)C#N)n1,-3.1500000953674316
c1ccc2c(c1)c3ccccc3c4ccccc24,-6.72599983215332
CC=C(C(=CC)c1ccc(O)cc1)c2ccc(O)cc2,-4.949999809265137
CCCCC(CC)COC(=O)c1ccccc1C(=O)OCC(CC)CCCC,-6.960000038146973
CCc1ccccn1,0.5099999904632568
COP(=O)(OC)OC(Br)C(Cl)(Cl)Br,-2.2799999713897705
c1ccc(cc1)c2ccccc2,-4.34499979019165
Clc1cc(Cl)c(c(Cl)c1)c2c(Cl)cc(Cl)cc2Cl ,-8.710000038146973
CN(C)c1nc(nc(n1)N(C)C)N(C)C,-3.364000082015991
CC(C)CC(C)(C)O,-0.9200000166893005
O=C2NC(=O)C1(CCCCCC1)C(=O)N2 ,-3.1679999828338623
OCC1OC(O)(CO)C(O)C1O,0.6399999856948853
Cc1cc(C)cc(O)c1,-1.399999976158142
ClCC#CCOC(=O)Nc1cccc(Cl)c1,-4.369999885559082
CC(=O)Nc1ccc(Cl)cc1,-2.8429999351501465
Clc1ccc(Cl)c(c1)c2c(Cl)c(Cl)c(Cl)c(Cl)c2Cl,-8.9399995803833
CCC(C)(C)C,-3.549999952316284
CNc1ccccc1,-1.2799999713897705
C=CCC=C,-2.0899999141693115
CC(=O)OCC(=O)C1(O)CCC2C3CCC4=CC(=O)CCC4(C)C3C(O)CC21C,-4.880000114440918
Cc1cc(cc(N(=O)=O)c1O)N(=O)=O,-1.4559999704360962
OC3N=C(c1ccccc1Cl)c2cc(Cl)ccc2NC3=O,-3.6040000915527344
Oc1cccc(Cl)c1,-0.699999988079071
Clc1cccc(Br)c1,-3.2100000381469727
NS(=O)(=O)c2cc1c(N=CNS1(=O)=O)cc2Cl ,-3.049999952316284
O=C1NC(=O)NC(=O)C1(C)CC,-1.2280000448226929
OCCOc1ccccc1,-0.699999988079071
C(c1ccccc1)c2ccccc2,-4.079999923706055
CCCCCC(O)CC,-1.9800000190734863
CCN(Cc1c(F)cccc1Cl)c2c(cc(cc2N(=O)=O)C(F)(F)F)N(=O)=O,-6.78000020980835
CC(C)Nc1nc(Cl)nc(NC(C)C)n1,-4.429999828338623
CCCC(C)CO,-1.1100000143051147
CCCCC(C)(C)O,-1.0800000429153442
CCc1ccccc1,-2.7699999809265137
O=C1NC(=O)NC(=O)C1(CC)CC=C(C)C,-2.253000020980835
ClC1C=CC2C1C3(Cl)C(=C(Cl)C2(Cl)C3(Cl)Cl)Cl,-6.316999912261963
CCC(C)C1(CC(Br)=C)C(=O)NC(=O)NC1=O ,-2.6470000743865967
CC1(C)C(C(=O)OC(C#N)c2cccc(Oc3ccccc3)c2)C1(C)C,-6.025000095367432
COC(C)(C)CCCC(C)CC=CC(C)=CC(=O)OC(C)C,-5.190000057220459
CCOC(=O)CC,-0.6600000262260437
CSc1nc(NC(C)C)nc(NC(C)C)n1,-4.099999904632568
CC(C#C)N(C)C(=O)Nc1ccc(Cl)cc1,-3.9000000953674316
Cc1cc2ccccc2cc1C,-4.71999979019165
Clc1ccc(cc1)c2cc(Cl)ccc2Cl ,-6.25
Clc1ccc(c(Cl)c1)c2cc(Cl)c(Cl)c(Cl)c2Cl ,-7.389999866485596
NC(N)=NC#N ,-0.3100000023841858
ClC(Cl)(Cl)N(=O)=O,-2.0
Clc1cccc(Cl)c1c2ccccc2 ,-5.210000038146973
COc1ccc(C=O)cc1,-1.4900000095367432
CC(=O)Nc1ccc(cc1)N(=O)=O,-2.691999912261963
CCCCCCC(=O)OCC,-2.740000009536743
CC(=O)Nc1ccc(O)cc1,-1.0299999713897705
c2ccc1[nH]ncc1c2 ,-2.1600000858306885
CC5(C)OC4CC3C2CCC1=CC(=O)C=CC1(C)C2(F)C(O)CC3(C)C4(O5)C(=O)CO ,-4.309999942779541
Nc2nc1[nH]cnc1c(=O)[nH]2 ,-3.5829999446868896
COC(=O)C,0.46000000834465027
CC34CCC1C(CCC2CC(=O)CCC12C)C3CCC4O ,-4.743000030517578
CCCC(O)C=C,-0.5899999737739563
OC(C1=CC2C5C(C1C2=C(c3ccccc3)c4ccccn4)C(=O)NC5=O)(c6ccccc6)c7ccccn7 ,-3.930999994277954
CCCCOCCCC,-1.850000023841858
CCCCCCCCCCCCO,-4.800000190734863
CCN2c1nc(N(C)(CCO))ccc1NC(=O)c3cccnc23 ,-3.359999895095825
CCCC(C)(C)O,-0.49000000953674316
Nc1nc(=O)[nH]cc1F,-0.972000002861023
CCCCOc1ccc(C(=O)OCC)c(c1)N(CC)CC ,-3.8399999141693115
CCCCCC(C)(C)O,-1.7200000286102295
Cc1c(C)c(C)c(C)c(C)c1C,-5.230000019073486
CC(C)c1ccc(C)cc1O,-2.2200000286102295
c2cnc1ncncc1n2,0.019999999552965164
CCOP(=S)(OCC)Oc1ccc(cc1)N(=O)=O,-4.659999847412109
C,-0.8999999761581421
c2ccc1NCCc1c2 ,-1.0399999618530273
O=N(=O)c1cccc2ccccc12,-3.5399999618530273
CCC(C)C(=O)C,-0.6700000166893005
Nc1nc(O)nc2nc[nH]c12 ,-3.4010000228881836
OC(CC(c1ccccc1)c3c(O)c2ccccc2oc3=O)c4ccc(cc4)c5ccc(Br)cc5 ,-4.445000171661377
CN(=O)=O,0.25999999046325684
CC(C)N(C(C)C)C(=O)SCC(Cl)=C(Cl)Cl,-4.880000114440918
C=CCCC=C,-2.680000066757202
c2ccc1[nH]ccc1c2,-1.5199999809265137
CC34CCC1C(CCC2=CC(=O)CCC12C)C3CCC4=O,-3.690000057220459
CCCCC=C,-3.2300000190734863
Cc1cccc(C)c1NC(=O)c2cc(c(Cl)cc2O)S(N)(=O)=O,-3.7899999618530273
CCC1CCCCC1,-4.25
CCCCCCCC(=O)C,-2.5799999237060547
COC(=O)Nc2nc1ccc(cc1[nH]2)C(=O)c3ccccc3,-3.880000114440918
CC(C)OC(=O)Nc1cccc(Cl)c1,-3.380000114440918
CCN2c1nc(Cl)ccc1N(C)C(=O)c3cccnc23 ,-4.113999843597412
CNC(=O)Oc1cccc2ccccc12,-3.2239999771118164
C#C,0.28999999165534973
Cc1cncc(C)c1,0.3799999952316284
C1C=CCC=C1,-2.059999942779541
CCOC(=O)N(C)C(=O)CSP(=S)(OCC)OCC,-2.5179998874664307
CC(O)c1ccccc1,-0.9200000166893005
CC(Cl)CCl,-1.600000023841858
CCCC=C(CC)C=O,-2.4600000381469727
CCOP(=S)(OCC)SCCSCC,-4.230000019073486
CC(=O)OC3(C)CCC4C2CCC1=CC(=O)CCC1(C)C2CCC34C ,-5.283999919891357
Clc1ccc(cc1)c2c(Cl)cccc2Cl ,-6.139999866485596
Fc1cccc(F)c1C(=O)NC(=O)Nc2ccc(Cl)cc2,-6.019999980926514
Oc1cc(Cl)ccc1Oc2ccc(Cl)cc2Cl,-4.460000038146973
c1(C(=O)OCCCCCC(C)(C))c(C(=O)OCCCCCC(C)(C))cccc1,-6.63700008392334
CC12CC(O)C3C(CCC4=CC(=O)CCC34C)C2CCC1C(=O)CO,-3.240000009536743
Cc1cc(C)cc(C)c1,-3.4000000953674316
CCCCCCCCOC(=O)c1ccccc1C(=O)OCCCCCCCC ,-5.114999771118164
CCCCCCCCCCCCCCCO,-6.349999904632568
Clc1cccc(Cl)c1c2c(Cl)cccc2Cl ,-7.389999866485596
O=C1NC(=O)NC(=O)C1(C)C,-1.7419999837875366
CC(C)I,-2.0899999141693115
O=N(=O)c1ccccc1N(=O)=O,-3.0999999046325684
CC(C)C(=O)C,-0.11999999731779099
CCCCCCCCCCCCCCCC,-8.399999618530273
CC12CCC(CC1)C(C)(C)O2,-1.7400000095367432
Cc2cccc3sc1nncn1c23 ,-2.069999933242798
CCCCCCC(=O)C,-2.049999952316284
CCCCCCCCC(=O)OC,-3.380000114440918
Fc1ccc(F)cc1,-1.9700000286102295
O=C1N(C2CCC(=O)NC2=O)C(=O)c3ccccc13,-2.6760001182556152
CCCN(CCC)c1c(cc(cc1N(=O)=O)C(F)(F)F)N(=O)=O,-5.679999828338623
CCO,1.100000023841858
O=C2NC(=O)C1(CCCC1)C(=O)N2,-2.3489999771118164
c1c(NC(=O)OC(C)C(=O)NCC)cccc1,-1.8300000429153442
CC(C)=CC3C(C(=O)OCc2cccc(Oc1ccccc1)c2)C3(C)C ,-5.239999771118164
CN(C)C(=O)NC1CCCCCCC1,-2.2179999351501465
ClC1(C2(Cl)C3(Cl)C4(Cl)C5(Cl)C1(Cl)C3(Cl)Cl)C5(Cl)C(Cl)(Cl)C24Cl,-6.800000190734863
CCCCCCCCBr,-5.059999942779541
CCCCNC(=O)n1c(NC(=O)OC)nc2ccccc12,-4.882999897003174
CN(C)c2c(C)n(C)n(c1ccccc1)c2=O ,-0.36399999260902405
CCC(O)CC,-0.23999999463558197
Cc1ccc(cc1)N(=O)=O,-2.490000009536743
CC(C)CCCO,-1.1399999856948853
CC34CCC1C(CCC2=CC(=O)CCC12O)C3CCC4(O)C#C,-4.570000171661377
CC(C)OC(=O)C(O)(c1ccc(Br)cc1)c2ccc(Br)cc2 ,-4.929999828338623
Nc2cnn(c1ccccc1)c(=O)c2Cl,-2.878000020980835
CCC(C)(C)O,0.15000000596046448
Cc1ccc(O)cc1,-0.7300000190734863
CCOC=O,0.15000000596046448
CN(C)c1ccccc1,-1.9199999570846558
C1CCC2CCCCC2C1,-5.190000057220459
CCCCS,-2.180000066757202
c1ccc2c(c1)c3cccc4ccc5cccc2c5c43,-7.800000190734863
ClC(=C(Cl)Cl)Cl,-2.5399999618530273
CCC(=O)CC,-0.2800000011920929
C=CC#N,0.15000000596046448
CC1CC2C3CC(F)C4=CC(=O)C=CC4(C)C3(F)C(O)CC2(C)C1(O)C(=O)CO,-5.61299991607666
CCCCC(=O)C,-0.800000011920929
CCNc1nc(NC(C)(C)C)nc(OC)n1,-3.239000082015991
CCCCC(C)CC,-5.159999847412109
BrCCBr,-1.6799999475479126
CNC(=O)Oc1ccccc1C(C)C,-2.86299991607666
O=C1NCCN1c2ncc(s2)N(=O)=O,-3.2200000286102295
C1c2ccccc2c3ccc4ccccc4c13,-6.679999828338623
COc1ccccc1Cl,-2.4600000381469727
COP(=S)(OC)Oc1cc(Cl)c(Br)cc1Cl,-6.090000152587891
ClC(Cl)CC(=O)NC2=C(Cl)C(=O)c1ccccc1C2=O,-5.03000020980835
ClC(Cl)C(c1ccc(Cl)cc1)c2ccc(Cl)cc2 ,-7.199999809265137
COC(=O)C=C,-0.2199999988079071
CN(C)C(=O)Nc2ccc(Oc1ccc(Cl)cc1)cc2,-4.889999866485596
N(=Nc1ccccc1)c2ccccc2,-4.449999809265137
CC(C)c1ccc(C)cc1,-3.7699999809265137
Oc1c(Cl)cccc1Cl,-1.7899999618530273
OCC2OC(OC1(CO)OC(CO)C(O)C1O)C(O)C(O)C2O ,0.7900000214576721
OC1C(O)C(O)C(O)C(O)C1O,0.3499999940395355
Cn2c(=O)n(C)c1ncn(CC(O)CO)c1c2=O,-0.17000000178813934
OCC(NC(=O)C(Cl)Cl)C(O)c1ccc(cc1)N(=O)=O,-2.1110000610351562
CCC(O)(CC)CC,-0.8500000238418579
CC45CCC2C(CCC3CC1SC1CC23C)C4CCC5O,-5.409999847412109
Brc1ccccc1Br,-3.5
Oc1c(Cl)cc(Cl)cc1Cl,-2.3399999141693115
CCCN(CCC)c1c(cc(cc1N(=O)=O)S(N)(=O)=O)N(=O)=O,-5.159999847412109
C2c1ccccc1N(CCF)C(=O)c3ccccc23 ,-4.798999786376953
CC(C)C(=O)C(C)C,-1.2999999523162842
O=C1NC(=O)NC(=O)C1(C(C)C)CC=C(C)C,-2.5929999351501465
c1c(O)C2C(=O)C3cc(O)ccC3OC2cc1(OC),-2.943000078201294
Cn1cnc2n(C)c(=O)n(C)c(=O)c12,-0.8759999871253967
CC(=O)SC4CC1=CC(=O)CCC1(C)C5CCC2(C)C(CCC23CCC(=O)O3)C45,-4.172999858856201
Cc1ccc(O)cc1C,-1.3799999952316284
O(c1ccccc1)c2ccccc2,-3.9600000381469727
Clc1cc(Cl)c(cc1Cl)c2cc(Cl)c(Cl)cc2Cl ,-8.5600004196167
NC(=O)c1cccnc1 ,0.6100000143051147
Sc1ccccc1,-2.119999885559082
CNC(=O)Oc1cc(C)cc(C)c1,-2.5810000896453857
ClC1CC2C(C1Cl)C3(Cl)C(=C(Cl)C2(Cl)C3(Cl)Cl)Cl,-6.860000133514404
CSSC,-1.440000057220459
NC(=O)c1ccccc1,-0.9599999785423279
Clc1ccccc1Br,-3.190000057220459
COC(=O)c1ccccc1OC2OC(COC3OCC(O)C(O)C3O)C(O)C(O)C2O,-0.7419999837875366
CCCCC(O)CC,-1.4700000286102295
CCN2c1nc(C)cc(C)c1NC(=O)c3cccnc23 ,-4.553999900817871
Oc1cc(Cl)cc(Cl)c1,-1.340000033378601
Cc1cccc2c1ccc3ccccc32,-5.849999904632568
CCCCC(CC)CO,-2.109999895095825
CC(C)N(C(C)C)C(=O)SCC(=CCl)Cl,-4.285999774932861
Cc1ccccc1,-2.2100000381469727
Clc1cccc(n1)C(Cl)(Cl)Cl,-3.759999990463257
C1CCC=CCC1,-3.180000066757202
CN(C)C(=S)SSC(=S)N(C)C ,-3.9000000953674316
COC1=CC(=O)CC(C)C13Oc2c(Cl)c(OC)cc(OC)c2C3=O,-3.246000051498413
CCCCCCCCCCO,-3.630000114440918
CCC(C)(C)CC,-4.230000019073486
CNC(=O)C(C)SCCSP(=O)(OC)(OC),1.1440000534057617
Oc1cc(Cl)c(Cl)c(Cl)c1Cl,-3.1500000953674316
CCCC=O,-0.009999999776482582
CC4CC3C2CCC1=CC(=O)C=CC1(C)C2(F)C(O)CC3(C)C4(O)C(=O)COC(C)=O ,-4.900000095367432
CCCC,-2.569999933242798
COc1ccccc1O,-1.9600000381469727
CC1CC2C3CCC(O)(C(=O)C)C3(C)CC(O)C2(F)C4(C)C=CC(=O)C=C14,-4.098999977111816
ClC(Cl)C(Cl)(Cl)Cl,-2.5999999046325684
CCOC(=O)c1ccccc1C(=O)OCC,-2.3499999046325684
CC(C)CO,0.10000000149011612
CC(C)Cc1ccccc1,-4.119999885559082
ICI,-2.3399999141693115
CCCC(O)CCC,-1.399999976158142
CCCCCOC(=O)C,-1.8899999856948853
Oc1c(Cl)c(Cl)cc(Cl)c1Cl,-3.369999885559082
CCCc1ccccc1,-3.369999885559082
FC(F)(Cl)C(F)(F)Cl,-2.740000009536743
CC=CC=O,0.3199999928474426
CN(C)C(=O)N(C)C ,0.9399999976158142
Cc1cc(C)c(C)cc1C,-4.590000152587891
CC(=O)OC3(CCC4C2CCC1=CC(=O)CCC1C2CCC34C)C#C,-4.800000190734863
CCOP(=S)(OCC)N2C(=O)c1ccccc1C2=O,-3.3499999046325684
c1ccccc1NC(=O)c2c(O)cccc2,-3.5899999141693115
CCN(CC)C(=S)SCC(Cl)=C,-3.390000104904175
ClCC,-1.059999942779541
CC(=O)Nc1cc(NS(=O)(=O)C(F)(F)F)c(C)cc1C,-3.240000009536743
O=C(C=CC=Cc2ccc1OCOc1c2)N3CCCCC3,-3.4600000381469727
CC/C=C\C,-2.5399999618530273
CNC(=O)ON=C(CSC)C(C)(C)C ,-1.6200000047683716
O=C2NC(=O)C1(CCCCCCC1)C(=O)N2,-2.9820001125335693
c1(C(C)(C)C)cc(C(C)(C)C)cc(OC(=O)NC)c1,-4.239999771118164
Oc2cc(O)c1C(=O)CC(Oc1c2)c3ccc(O)c(O)c3,-3.619999885559082
O=C(c1ccccc1)c2ccccc2,-3.119999885559082
CCCCCCCCCCCCCCCCCCCC,-8.17199993133545
N(Nc1ccccc1)c2ccccc2 ,-2.9200000762939453
CCC(CC)CO,-1.1699999570846558
Oc1ccncc1,1.0199999809265137
Cl\C=C/Cl,-1.2999999523162842
CC1CCCC1,-3.299999952316284
CC(C)CC(C)O,-0.800000011920929
O2c1ccc(N)cc1N(C)C(=O)c3cc(C)ccc23 ,-3.927999973297119
CC(C)(C)CO,-0.4000000059604645
CC(C)(C)C(=O)C(Oc1ccc(Cl)cc1)n2cncn2,-3.609999895095825
Cc1cc(no1)C(=O)NNCc2ccccc2,-2.4609999656677246
CC=C,-1.0800000429153442
Oc1ccc(Cl)cc1Cc2cc(Cl)ccc2O,-3.953000068664551
CCOC(=O)Nc2cccc(OC(=O)Nc1ccccc1)c2 ,-4.631999969482422
O=C1c2ccccc2C(=O)c3ccccc13,-5.190000057220459
CCCCCCC(C)O,-2.0899999141693115
CC1=C(C(=O)Nc2ccccc2)S(=O)(=O)CCO1,-2.2809998989105225
CCCCc1ccccc1,-4.059999942779541
O=C1NC(=O)C(=O)N1 ,-0.4000000059604645
COP(=S)(OC)Oc1ccc(Sc2ccc(OP(=S)(OC)OC)cc2)cc1,-6.236999988555908
NS(=O)(=O)c1cc(ccc1Cl)C2(O)NC(=O)c3ccccc23,-3.4509999752044678
CC(C)COC(=O)C,-1.2100000381469727
CC(C)C(C)(C)C,-4.360000133514404
Clc1ccc(c(Cl)c1Cl)c2c(Cl)cc(Cl)c(Cl)c2Cl ,-7.659999847412109
N#Cc1ccccc1C#N,-2.380000114440918
Cc1cccc(c1)N(=O)=O,-2.440000057220459
FC(F)(F)C(Cl)Br ,-1.7100000381469727
CNC(=O)ON=C(SC)C(=O)N(C)C,0.10599999874830246
CCSCCSP(=S)(OC)OC,-3.0910000801086426
CCC(C)C,-3.180000066757202
COP(=O)(OC)OC(=CCl)c1cc(Cl)c(Cl)cc1Cl,-4.521999835968018
